customer_id,first_name,last_name,email,created_at
1,Danielle,Johnson,customer_1@example.com,2024-11-23T00:00:00
2,Joshua,Walker,customer_2@example.com,2024-02-27T00:00:00
3,Jill,Rhodes,customer_3@example.com,2024-01-13T00:00:00
4,Patricia,Miller,customer_4@example.com,2024-05-20T00:00:00
5,Robert,Johnson,customer_5@example.com,2024-05-05T00:00:00
6,Jeffery,Wagner,customer_6@example.com,2024-04-24T00:00:00
7,Anthony,Gonzalez,customer_7@example.com,2024-03-12T00:00:00
8,Debra,Gardner,customer_8@example.com,2024-02-22T00:00:00
9,Jeffrey,Lawrence,customer_9@example.com,2024-12-12T00:00:00
10,Lisa,Smith,customer_10@example.com,2024-10-06T00:00:00
11,Linda,Wolfe,customer_11@example.com,2024-02-14T00:00:00
12,Matthew,Moore,customer_12@example.com,2024-10-29T00:00:00
13,Susan,Rogers,customer_13@example.com,2024-08-04T00:00:00
14,Christopher,Davis,customer_14@example.com,2024-01-17T00:00:00
15,Melanie,Munoz,customer_15@example.com,2024-01-16T00:00:00
16,Lindsay,Blair,customer_16@example.com,2024-02-17T00:00:00
17,Amanda,Dudley,customer_17@example.com,2024-04-21T00:00:00
18,Nicholas,Arnold,customer_18@example.com,2024-04-29T00:00:00
19,Maria,Montgomery,customer_19@example.com,2024-09-15T00:00:00
20,Michelle,Ray,customer_20@example.com,2024-11-04T00:00:00
21,Janet,Williams,customer_21@example.com,2024-01-14T00:00:00
22,Jeremy,Roberts,customer_22@example.com,2024-10-14T00:00:00
23,Christopher,Hall,customer_23@example.com,2024-04-11T00:00:00
24,Craig,Ramirez,customer_24@example.com,2024-11-28T00:00:00
25,Cynthia,Diaz,customer_25@example.com,2024-12-25T00:00:00
26,Mitchell,Clark,customer_26@example.com,2024-10-06T00:00:00
27,Joseph,Zuniga,customer_27@example.com,2024-08-02T00:00:00
28,Deborah,Lynch,customer_28@example.com,2024-04-22T00:00:00
29,George,Daniel,customer_29@example.com,2024-08-17T00:00:00
30,Frank,Gray,customer_30@example.com,2024-10-28T00:00:00
31,Veronica,Bowman,customer_31@example.com,2024-05-22T00:00:00
32,Angela,Cohen,customer_32@example.com,2024-01-04T00:00:00
33,Megan,Parsons,customer_33@example.com,2024-03-22T00:00:00
34,Jeremy,Johnson,customer_34@example.com,2024-12-23T00:00:00
35,Leslie,Adams,customer_35@example.com,2024-08-04T00:00:00
36,Jason,Hahn,customer_36@example.com,2024-06-23T00:00:00
37,Nancy,Edwards,customer_37@example.com,2024-05-22T00:00:00
38,Diana,Foster,customer_38@example.com,2024-03-20T00:00:00
39,Robin,Ellis,customer_39@example.com,2024-04-20T00:00:00
40,Joseph,Wright,customer_40@example.com,2024-06-21T00:00:00
41,Anna,Baker,customer_41@example.com,2024-02-22T00:00:00
42,Brenda,Hurst,customer_42@example.com,2024-02-17T00:00:00
43,Reginald,Robinson,customer_43@example.com,2024-07-13T00:00:00
44,Whitney,Hicks,customer_44@example.com,2024-02-19T00:00:00
45,Christopher,Williams,customer_45@example.com,2024-07-02T00:00:00
46,Daniel,Burton,customer_46@example.com,2024-06-25T00:00:00
47,Laura,Henderson,customer_47@example.com,2024-11-05T00:00:00
48,Bryan,James,customer_48@example.com,2024-05-15T00:00:00
49,Wendy,Rice,customer_49@example.com,2024-01-23T00:00:00
50,Tasha,Valencia,customer_50@example.com,2024-08-23T00:00:00
51,Alexander,Le,customer_51@example.com,2024-10-01T00:00:00
52,Erin,Herrera,customer_52@example.com,2024-03-04T00:00:00
53,Joseph,Davidson,customer_53@example.com,2024-07-12T00:00:00
54,Daniel,Graham,customer_54@example.com,2024-02-10T00:00:00
55,Shawn,Mckay,customer_55@example.com,2024-10-09T00:00:00
56,Nancy,Baker,customer_56@example.com,2024-05-30T00:00:00
57,Vincent,White,customer_57@example.com,2024-11-17T00:00:00
58,Rita,Harrell,customer_58@example.com,2024-11-12T00:00:00
59,Kenneth,Fowler,customer_59@example.com,2024-07-04T00:00:00
60,Chelsea,Hernandez,customer_60@example.com,2024-10-22T00:00:00
61,Kathryn,Ryan,customer_61@example.com,2024-04-08T00:00:00
62,Kimberly,Moreno,customer_62@example.com,2024-12-26T00:00:00
63,Aaron,Nguyen,customer_63@example.com,2024-02-05T00:00:00
64,Andrew,Hickman,customer_64@example.com,2024-01-24T00:00:00
65,Natasha,Decker,customer_65@example.com,2024-12-04T00:00:00
66,Kyle,Brown,customer_66@example.com,2024-04-26T00:00:00
67,Natalie,Arroyo,customer_67@example.com,2024-05-28T00:00:00
68,Christopher,Tucker,customer_68@example.com,2024-02-10T00:00:00
69,Chad,Hodges,customer_69@example.com,2024-04-29T00:00:00
70,Katie,Anderson,customer_70@example.com,2024-02-21T00:00:00
71,Thomas,Pierce,customer_71@example.com,2024-07-13T00:00:00
72,Joseph,Brennan,customer_72@example.com,2024-05-22T00:00:00
73,Rodney,Lewis,customer_73@example.com,2024-08-20T00:00:00
74,Amber,Blair,customer_74@example.com,2024-11-21T00:00:00
75,James,Collins,customer_75@example.com,2024-07-05T00:00:00
76,Wanda,Santos,customer_76@example.com,2024-03-24T00:00:00
77,Samuel,Holmes,customer_77@example.com,2024-07-08T00:00:00
78,David,Walker,customer_78@example.com,2024-06-30T00:00:00
79,Matthew,Chapman,customer_79@example.com,2024-04-17T00:00:00
80,Jerry,Robinson,customer_80@example.com,2024-12-09T00:00:00
81,Chad,Welch,customer_81@example.com,2024-05-16T00:00:00
82,Jeremy,Whitehead,customer_82@example.com,2024-12-25T00:00:00
83,Michele,Jones,customer_83@example.com,2024-12-15T00:00:00
84,John,Caldwell,customer_84@example.com,2024-11-27T00:00:00
85,Jason,Anderson,customer_85@example.com,2024-02-06T00:00:00
86,Selena,Duncan,customer_86@example.com,2024-11-07T00:00:00
87,Thomas,Mueller,customer_87@example.com,2024-11-21T00:00:00
88,Lindsey,Lee,customer_88@example.com,2024-03-28T00:00:00
89,Collin,Jordan,customer_89@example.com,2024-09-30T00:00:00
90,Rodney,Owens,customer_90@example.com,2024-05-05T00:00:00
91,Jessica,Nunez,customer_91@example.com,2024-03-24T00:00:00
92,Tracey,Garcia,customer_92@example.com,2024-08-24T00:00:00
93,Richard,Morgan,customer_93@example.com,2024-07-13T00:00:00
94,Michelle,Wright,customer_94@example.com,2024-05-18T00:00:00
95,James,West,customer_95@example.com,2024-11-23T00:00:00
96,Robert,Ramirez,customer_96@example.com,2024-12-18T00:00:00
97,John,Leblanc,customer_97@example.com,2024-10-12T00:00:00
98,Scott,Callahan,customer_98@example.com,2024-04-22T00:00:00
99,Andrea,Williams,customer_99@example.com,2024-12-16T00:00:00
100,Yvette,Huff,customer_100@example.com,2024-06-15T00:00:00
101,Tanya,House,customer_101@example.com,2024-01-29T00:00:00
102,Melinda,Martin,customer_102@example.com,2024-04-27T00:00:00
103,Todd,Lewis,customer_103@example.com,2024-01-17T00:00:00
104,Richard,Brown,customer_104@example.com,2024-06-10T00:00:00
105,Nicholas,Galloway,customer_105@example.com,2024-07-24T00:00:00
106,Joseph,Bowers,customer_106@example.com,2024-05-17T00:00:00
107,Spencer,Henderson,customer_107@example.com,2024-02-03T00:00:00
108,Susan,Cowan,customer_108@example.com,2024-04-18T00:00:00
109,Angela,Higgins,customer_109@example.com,2024-10-17T00:00:00
110,Eric,Phillips,customer_110@example.com,2024-06-10T00:00:00
111,Tanya,Riley,customer_111@example.com,2024-04-18T00:00:00
112,Amy,Adkins,customer_112@example.com,2024-12-01T00:00:00
113,Brian,Silva,customer_113@example.com,2024-09-12T00:00:00
114,Wesley,Farrell,customer_114@example.com,2024-07-21T00:00:00
115,Eric,Yu,customer_115@example.com,2024-11-25T00:00:00
116,Christopher,Lopez,customer_116@example.com,2024-08-22T00:00:00
117,Brooke,Leonard,customer_117@example.com,2024-03-14T00:00:00
118,Joe,Wilson,customer_118@example.com,2024-05-15T00:00:00
119,Pamela,Sanchez,customer_119@example.com,2024-03-12T00:00:00
120,Brooke,Harvey,customer_120@example.com,2024-05-06T00:00:00
121,Robert,Silva,customer_121@example.com,2024-10-14T00:00:00
122,Alexandra,Donovan,customer_122@example.com,2024-10-02T00:00:00
123,James,Moran,customer_123@example.com,2024-05-14T00:00:00
124,John,Foster,customer_124@example.com,2024-10-26T00:00:00
125,Emily,Evans,customer_125@example.com,2024-08-07T00:00:00
126,Leslie,Walton,customer_126@example.com,2024-10-25T00:00:00
127,Charles,Ellis,customer_127@example.com,2024-07-23T00:00:00
128,Yolanda,Ferrell,customer_128@example.com,2024-07-04T00:00:00
129,Charles,Lewis,customer_129@example.com,2024-04-22T00:00:00
130,Joseph,Mahoney,customer_130@example.com,2024-03-11T00:00:00
131,Nicole,Suarez,customer_131@example.com,2024-09-17T00:00:00
132,Mike,Moore,customer_132@example.com,2024-09-09T00:00:00
133,Martha,Warner,customer_133@example.com,2024-02-16T00:00:00
134,Cheryl,Archer,customer_134@example.com,2024-01-25T00:00:00
135,Destiny,Smith,customer_135@example.com,2024-02-26T00:00:00
136,Lisa,Evans,customer_136@example.com,2024-03-19T00:00:00
137,Elizabeth,Mcmillan,customer_137@example.com,2024-11-17T00:00:00
138,Dennis,Wilson,customer_138@example.com,2024-03-22T00:00:00
139,Daniel,Tran,customer_139@example.com,2024-12-14T00:00:00
140,Joseph,Jacobs,customer_140@example.com,2024-08-04T00:00:00
141,Jennifer,Harris,customer_141@example.com,2024-11-01T00:00:00
142,Cynthia,Baker,customer_142@example.com,2024-02-02T00:00:00
143,Tracy,Whitehead,customer_143@example.com,2024-07-16T00:00:00
144,Meghan,Davis,customer_144@example.com,2024-07-14T00:00:00
145,Rodney,Hill,customer_145@example.com,2024-11-01T00:00:00
146,Adam,Wise,customer_146@example.com,2024-08-27T00:00:00
147,Dana,Green,customer_147@example.com,2024-09-27T00:00:00
148,Joyce,Arnold,customer_148@example.com,2024-05-08T00:00:00
149,Ronald,Smith,customer_149@example.com,2024-10-10T00:00:00
150,Charles,Ware,customer_150@example.com,2024-01-06T00:00:00
151,Rebecca,Gardner,customer_151@example.com,2024-12-14T00:00:00
152,Mary,Aguilar,customer_152@example.com,2024-02-28T00:00:00
153,Earl,Anderson,customer_153@example.com,2024-12-15T00:00:00
154,Kyle,Nolan,customer_154@example.com,2024-10-01T00:00:00
155,Laura,Valencia,customer_155@example.com,2024-05-16T00:00:00
156,Rachel,Clark,customer_156@example.com,2024-11-24T00:00:00
157,John,Garcia,customer_157@example.com,2024-06-23T00:00:00
158,Kimberly,Henson,customer_158@example.com,2024-02-27T00:00:00
159,Richard,Oliver,customer_159@example.com,2024-05-30T00:00:00
160,Eric,Spears,customer_160@example.com,2024-08-10T00:00:00
161,Michelle,Cherry,customer_161@example.com,2024-03-21T00:00:00
162,Lisa,Keith,customer_162@example.com,2024-08-20T00:00:00
163,Angel,Doyle,customer_163@example.com,2024-01-02T00:00:00
164,Martin,Galvan,customer_164@example.com,2024-05-14T00:00:00
165,Leah,Shields,customer_165@example.com,2024-09-13T00:00:00
166,Lisa,Adams,customer_166@example.com,2024-04-01T00:00:00
167,Kristin,Rodriguez,customer_167@example.com,2024-09-16T00:00:00
168,Monica,Garrison,customer_168@example.com,2024-02-24T00:00:00
169,Jeffrey,Velasquez,customer_169@example.com,2024-11-16T00:00:00
170,Steven,Torres,customer_170@example.com,2024-06-01T00:00:00
171,Laura,Perez,customer_171@example.com,2024-11-23T00:00:00
172,Andrew,Lee,customer_172@example.com,2024-09-16T00:00:00
173,Mark,Lin,customer_173@example.com,2024-11-07T00:00:00
174,Tammy,Ramirez,customer_174@example.com,2024-04-11T00:00:00
175,Darlene,Ross,customer_175@example.com,2024-03-19T00:00:00
176,Tina,Herrera,customer_176@example.com,2024-07-10T00:00:00
177,Sheila,Wilson,customer_177@example.com,2024-03-23T00:00:00
178,Tara,White,customer_178@example.com,2024-10-03T00:00:00
179,Sydney,Baker,customer_179@example.com,2024-09-28T00:00:00
180,Daniel,Hamilton,customer_180@example.com,2024-01-01T00:00:00
181,Jessica,Edwards,customer_181@example.com,2024-11-02T00:00:00
182,Catherine,Dixon,customer_182@example.com,2024-06-14T00:00:00
183,Paul,Ray,customer_183@example.com,2024-09-07T00:00:00
184,Jonathan,Fletcher,customer_184@example.com,2024-01-10T00:00:00
185,Aaron,Frost,customer_185@example.com,2024-02-27T00:00:00
186,Amanda,Ball,customer_186@example.com,2024-07-04T00:00:00
187,Judy,Lambert,customer_187@example.com,2024-06-06T00:00:00
188,Michael,Jones,customer_188@example.com,2024-05-02T00:00:00
189,Elizabeth,Rivera,customer_189@example.com,2024-01-30T00:00:00
190,Lee,Charles,customer_190@example.com,2024-05-03T00:00:00
191,Jennifer,Evans,customer_191@example.com,2024-10-17T00:00:00
192,Kyle,Ortiz,customer_192@example.com,2024-02-10T00:00:00
193,Richard,Phillips,customer_193@example.com,2024-02-13T00:00:00
194,David,Fisher,customer_194@example.com,2024-09-05T00:00:00
195,Shelby,Byrd,customer_195@example.com,2024-02-05T00:00:00
196,Raven,Gilbert,customer_196@example.com,2024-09-29T00:00:00
197,Kevin,Kelley,customer_197@example.com,2024-03-05T00:00:00
198,Aaron,Mitchell,customer_198@example.com,2024-03-06T00:00:00
199,Russell,Carpenter,customer_199@example.com,2024-12-03T00:00:00
200,Diana,Marshall,customer_200@example.com,2024-08-31T00:00:00
201,Scott,Lewis,customer_201@example.com,2024-10-08T00:00:00
202,Thomas,Santana,customer_202@example.com,2024-03-25T00:00:00
203,Laura,Jackson,customer_203@example.com,2024-05-15T00:00:00
204,Christopher,Robertson,customer_204@example.com,2024-09-27T00:00:00
205,Cynthia,Rogers,customer_205@example.com,2024-11-06T00:00:00
206,Loretta,Potter,customer_206@example.com,2024-08-04T00:00:00
207,Emily,Walker,customer_207@example.com,2024-04-18T00:00:00
208,James,Johnson,customer_208@example.com,2024-10-03T00:00:00
209,John,Alvarez,customer_209@example.com,2024-12-19T00:00:00
210,Melissa,Jones,customer_210@example.com,2024-04-12T00:00:00
211,Robert,Soto,customer_211@example.com,2024-12-31T00:00:00
212,James,Horton,customer_212@example.com,2024-06-08T00:00:00
213,Troy,Sanchez,customer_213@example.com,2024-07-23T00:00:00
214,Diana,Smith,customer_214@example.com,2024-12-09T00:00:00
215,Karen,Carrillo,customer_215@example.com,2024-11-28T00:00:00
216,Daniel,Coleman,customer_216@example.com,2024-07-10T00:00:00
217,Gregory,Rubio,customer_217@example.com,2024-08-12T00:00:00
218,April,Williams,customer_218@example.com,2024-09-21T00:00:00
219,John,Charles,customer_219@example.com,2024-08-19T00:00:00
220,Stephen,Solis,customer_220@example.com,2024-03-02T00:00:00
221,Elizabeth,Travis,customer_221@example.com,2024-05-06T00:00:00
222,Caitlin,Dodson,customer_222@example.com,2024-04-25T00:00:00
223,Patricia,Salazar,customer_223@example.com,2024-02-02T00:00:00
224,Jennifer,Wagner,customer_224@example.com,2024-06-22T00:00:00
225,Maria,Kelley,customer_225@example.com,2024-01-11T00:00:00
226,Phyllis,Manning,customer_226@example.com,2024-10-28T00:00:00
227,Thomas,Green,customer_227@example.com,2024-10-10T00:00:00
228,John,Walsh,customer_228@example.com,2024-04-27T00:00:00
229,Katie,Boyd,customer_229@example.com,2024-10-28T00:00:00
230,Courtney,Hill,customer_230@example.com,2024-04-22T00:00:00
231,Chris,Mitchell,customer_231@example.com,2024-01-04T00:00:00
232,Joseph,Flores,customer_232@example.com,2024-02-06T00:00:00
233,Amber,Taylor,customer_233@example.com,2024-12-28T00:00:00
234,Jesse,Benson,customer_234@example.com,2024-11-19T00:00:00
235,Jasmine,Brown,customer_235@example.com,2024-01-31T00:00:00
236,Rick,Daniels,customer_236@example.com,2024-04-27T00:00:00
237,Robert,Clark,customer_237@example.com,2024-02-04T00:00:00
238,Robert,Stein,customer_238@example.com,2024-01-17T00:00:00
239,Brandy,Dominguez,customer_239@example.com,2024-06-18T00:00:00
240,Melissa,Cannon,customer_240@example.com,2024-02-06T00:00:00
241,Omar,Smith,customer_241@example.com,2024-09-20T00:00:00
242,Michael,Molina,customer_242@example.com,2024-05-01T00:00:00
243,Melissa,Ashley,customer_243@example.com,2024-05-22T00:00:00
244,Robert,Adkins,customer_244@example.com,2024-12-08T00:00:00
245,Amy,Morrison,customer_245@example.com,2024-09-05T00:00:00
246,Jeffrey,Robinson,customer_246@example.com,2024-04-19T00:00:00
247,Ryan,Johnson,customer_247@example.com,2024-10-03T00:00:00
248,Matthew,Shelton,customer_248@example.com,2024-03-08T00:00:00
249,Richard,Martin,customer_249@example.com,2024-10-19T00:00:00
250,Tanner,Anderson,customer_250@example.com,2024-10-22T00:00:00
251,Cindy,Johnson,customer_251@example.com,2024-08-30T00:00:00
252,Phillip,Elliott,customer_252@example.com,2024-05-04T00:00:00
253,Anthony,Day,customer_253@example.com,2024-08-30T00:00:00
254,Derek,Murray,customer_254@example.com,2024-07-27T00:00:00
255,Brent,Gray,customer_255@example.com,2024-04-07T00:00:00
256,Jason,Murphy,customer_256@example.com,2024-02-18T00:00:00
257,Kathleen,Gray,customer_257@example.com,2024-02-19T00:00:00
258,Karen,Decker,customer_258@example.com,2024-12-03T00:00:00
259,Johnny,Miller,customer_259@example.com,2024-08-08T00:00:00
260,Andrew,Ryan,customer_260@example.com,2024-06-30T00:00:00
261,Zoe,Bell,customer_261@example.com,2024-08-04T00:00:00
262,Debra,Harrington,customer_262@example.com,2024-07-29T00:00:00
263,Denise,Webster,customer_263@example.com,2024-08-27T00:00:00
264,Stefanie,Gonzalez,customer_264@example.com,2024-01-28T00:00:00
265,Andrew,Hernandez,customer_265@example.com,2024-12-10T00:00:00
266,David,Caldwell,customer_266@example.com,2024-11-30T00:00:00
267,Anne,Robinson,customer_267@example.com,2024-11-26T00:00:00
268,Holly,Wang,customer_268@example.com,2024-02-20T00:00:00
269,Gary,Lawson,customer_269@example.com,2024-02-01T00:00:00
270,Julie,Wilson,customer_270@example.com,2024-07-25T00:00:00
271,Lori,Oconnell,customer_271@example.com,2024-06-22T00:00:00
272,Daniel,Johnson,customer_272@example.com,2024-02-25T00:00:00
273,Larry,Byrd,customer_273@example.com,2024-05-07T00:00:00
274,Susan,Sanders,customer_274@example.com,2024-04-08T00:00:00
275,Jennifer,Jones,customer_275@example.com,2024-04-07T00:00:00
276,Hannah,Burton,customer_276@example.com,2024-10-01T00:00:00
277,Curtis,Barton,customer_277@example.com,2024-08-17T00:00:00
278,Melissa,Burke,customer_278@example.com,2024-03-12T00:00:00
279,David,Riggs,customer_279@example.com,2024-08-04T00:00:00
280,Kimberly,Reed,customer_280@example.com,2024-04-03T00:00:00
281,Ross,Wood,customer_281@example.com,2024-05-22T00:00:00
282,William,Peterson,customer_282@example.com,2024-08-24T00:00:00
283,Melissa,Short,customer_283@example.com,2024-05-07T00:00:00
284,Daniel,Yu,customer_284@example.com,2024-02-08T00:00:00
285,Cynthia,Poole,customer_285@example.com,2024-08-14T00:00:00
286,Jasmine,Graham,customer_286@example.com,2024-10-08T00:00:00
287,Jessica,Sheppard,customer_287@example.com,2024-02-20T00:00:00
288,Joseph,Morton,customer_288@example.com,2024-01-26T00:00:00
289,Amanda,Webb,customer_289@example.com,2024-11-29T00:00:00
290,Ryan,Simon,customer_290@example.com,2024-10-03T00:00:00
291,Joseph,Christian,customer_291@example.com,2024-01-08T00:00:00
292,Mariah,Miller,customer_292@example.com,2024-02-17T00:00:00
293,Nicole,Sanchez,customer_293@example.com,2024-05-01T00:00:00
294,Steven,Bishop,customer_294@example.com,2024-03-26T00:00:00
295,Nicholas,Johnson,customer_295@example.com,2024-07-27T00:00:00
296,Melissa,White,customer_296@example.com,2024-09-05T00:00:00
297,Jason,Salinas,customer_297@example.com,2024-09-03T00:00:00
298,Matthew,Beard,customer_298@example.com,2024-04-19T00:00:00
299,Jacqueline,Hill,customer_299@example.com,2024-07-24T00:00:00
300,Alejandro,Vaughan,customer_300@example.com,2024-01-31T00:00:00
301,Christopher,Cortez,customer_301@example.com,2024-03-25T00:00:00
302,Tracy,Chang,customer_302@example.com,2024-07-13T00:00:00
303,Hannah,Brewer,customer_303@example.com,2024-01-02T00:00:00
304,Travis,Mcguire,customer_304@example.com,2024-07-18T00:00:00
305,Christopher,Walker,customer_305@example.com,2024-05-15T00:00:00
306,Heather,Torres,customer_306@example.com,2024-08-20T00:00:00
307,Bonnie,Kennedy,customer_307@example.com,2024-05-26T00:00:00
308,Alyssa,Coleman,customer_308@example.com,2024-08-04T00:00:00
309,Julie,Rivera,customer_309@example.com,2024-12-22T00:00:00
310,Jacqueline,Nelson,customer_310@example.com,2024-10-11T00:00:00
311,John,Martinez,customer_311@example.com,2024-12-04T00:00:00
312,James,Wilson,customer_312@example.com,2024-09-06T00:00:00
313,Amanda,Gill,customer_313@example.com,2024-03-20T00:00:00
314,Jacob,Robinson,customer_314@example.com,2024-04-07T00:00:00
315,Todd,Hardy,customer_315@example.com,2024-05-31T00:00:00
316,Tiffany,Warren,customer_316@example.com,2024-04-21T00:00:00
317,Justin,Garcia,customer_317@example.com,2024-01-30T00:00:00
318,James,Perez,customer_318@example.com,2024-10-23T00:00:00
319,Harry,Smith,customer_319@example.com,2024-10-04T00:00:00
320,Amanda,Hill,customer_320@example.com,2024-02-01T00:00:00
321,Terri,Tran,customer_321@example.com,2024-06-09T00:00:00
322,Heidi,Martinez,customer_322@example.com,2024-01-30T00:00:00
323,Miranda,Henry,customer_323@example.com,2024-01-26T00:00:00
324,Monique,Andrews,customer_324@example.com,2024-10-26T00:00:00
325,Taylor,Alexander,customer_325@example.com,2024-09-01T00:00:00
326,Jack,Williams,customer_326@example.com,2024-09-14T00:00:00
327,Shelley,Woods,customer_327@example.com,2024-09-28T00:00:00
328,Lynn,Morales,customer_328@example.com,2024-03-21T00:00:00
329,Charles,Soto,customer_329@example.com,2024-01-30T00:00:00
330,Brian,Hernandez,customer_330@example.com,2024-09-17T00:00:00
331,Anna,Torres,customer_331@example.com,2024-02-11T00:00:00
332,Victoria,Wilson,customer_332@example.com,2024-04-05T00:00:00
333,Kathy,Obrien,customer_333@example.com,2024-02-05T00:00:00
334,Krystal,Perez,customer_334@example.com,2024-10-31T00:00:00
335,Alexandra,Hayes,customer_335@example.com,2024-02-04T00:00:00
336,Scott,Dalton,customer_336@example.com,2024-12-11T00:00:00
337,Veronica,Torres,customer_337@example.com,2024-04-30T00:00:00
338,Christine,Lynch,customer_338@example.com,2024-07-25T00:00:00
339,Jody,Meza,customer_339@example.com,2024-03-02T00:00:00
340,Jared,Clark,customer_340@example.com,2024-10-18T00:00:00
341,Donna,Moore,customer_341@example.com,2024-05-06T00:00:00
342,Glenn,Jones,customer_342@example.com,2024-10-23T00:00:00
343,Aaron,Hayes,customer_343@example.com,2024-10-31T00:00:00
344,Brittney,Carter,customer_344@example.com,2024-01-21T00:00:00
345,Jesse,Mann,customer_345@example.com,2024-11-13T00:00:00
346,Jacqueline,Gibson,customer_346@example.com,2024-02-11T00:00:00
347,Grace,Bradshaw,customer_347@example.com,2024-08-02T00:00:00
348,Kristin,Weber,customer_348@example.com,2024-12-02T00:00:00
349,Donna,Peck,customer_349@example.com,2024-10-25T00:00:00
350,Ronald,Stephens,customer_350@example.com,2024-10-16T00:00:00
351,Deborah,Kerr,customer_351@example.com,2024-09-24T00:00:00
352,Margaret,Jones,customer_352@example.com,2024-06-10T00:00:00
353,Gabriel,Parker,customer_353@example.com,2024-05-13T00:00:00
354,Kaitlyn,Carroll,customer_354@example.com,2024-04-14T00:00:00
355,Keith,Martinez,customer_355@example.com,2024-12-08T00:00:00
356,Haley,Lyons,customer_356@example.com,2024-06-09T00:00:00
357,Sherri,Mason,customer_357@example.com,2024-05-02T00:00:00
358,Troy,Miller,customer_358@example.com,2024-05-15T00:00:00
359,Bill,Reynolds,customer_359@example.com,2024-07-21T00:00:00
360,Marcus,Wright,customer_360@example.com,2024-03-08T00:00:00
361,Christopher,Hayden,customer_361@example.com,2024-12-09T00:00:00
362,Mary,Johnston,customer_362@example.com,2024-11-26T00:00:00
363,Stephanie,Key,customer_363@example.com,2024-06-02T00:00:00
364,Emily,Adams,customer_364@example.com,2024-08-22T00:00:00
365,Billy,Avila,customer_365@example.com,2024-06-10T00:00:00
366,Thomas,Pearson,customer_366@example.com,2024-02-07T00:00:00
367,Sabrina,White,customer_367@example.com,2024-01-05T00:00:00
368,Brenda,Walters,customer_368@example.com,2024-08-22T00:00:00
369,Travis,Davis,customer_369@example.com,2024-11-14T00:00:00
370,Michael,Cook,customer_370@example.com,2024-10-15T00:00:00
371,Elizabeth,Hodge,customer_371@example.com,2024-02-21T00:00:00
372,Mark,Steele,customer_372@example.com,2024-02-07T00:00:00
373,Keith,Landry,customer_373@example.com,2024-10-02T00:00:00
374,Lisa,Pierce,customer_374@example.com,2024-04-19T00:00:00
375,Shawn,Edwards,customer_375@example.com,2024-09-16T00:00:00
376,Marcus,Cordova,customer_376@example.com,2024-05-15T00:00:00
377,Richard,Robertson,customer_377@example.com,2024-03-08T00:00:00
378,Vanessa,Sandoval,customer_378@example.com,2024-06-27T00:00:00
379,Amy,Gutierrez,customer_379@example.com,2024-02-05T00:00:00
380,Jacob,Cox,customer_380@example.com,2024-05-05T00:00:00
381,Katherine,Garrett,customer_381@example.com,2024-07-08T00:00:00
382,Kathleen,Harris,customer_382@example.com,2024-05-25T00:00:00
383,Andrea,Pennington,customer_383@example.com,2024-03-21T00:00:00
384,Samuel,Wolfe,customer_384@example.com,2024-08-12T00:00:00
385,David,Dudley,customer_385@example.com,2024-10-05T00:00:00
386,Chelsea,Allen,customer_386@example.com,2024-12-26T00:00:00
387,Eric,Pierce,customer_387@example.com,2024-06-03T00:00:00
388,Andrea,Davis,customer_388@example.com,2024-11-09T00:00:00
389,Victoria,Durham,customer_389@example.com,2024-11-30T00:00:00
390,Steven,Wilson,customer_390@example.com,2024-09-27T00:00:00
391,Marilyn,Jimenez,customer_391@example.com,2024-01-05T00:00:00
392,Jennifer,Hicks,customer_392@example.com,2024-12-07T00:00:00
393,Joshua,Davenport,customer_393@example.com,2024-10-10T00:00:00
394,Tina,Sanchez,customer_394@example.com,2024-06-02T00:00:00
395,Andrea,Reyes,customer_395@example.com,2024-12-05T00:00:00
396,Sandra,Romero,customer_396@example.com,2024-02-23T00:00:00
397,Natasha,Shields,customer_397@example.com,2024-03-09T00:00:00
398,Joshua,Tyler,customer_398@example.com,2024-05-15T00:00:00
399,Robert,Villa,customer_399@example.com,2024-02-29T00:00:00
400,William,Hoover,customer_400@example.com,2024-02-24T00:00:00
401,Justin,Evans,customer_401@example.com,2024-10-10T00:00:00
402,Brenda,Duarte,customer_402@example.com,2024-03-20T00:00:00
403,Tracy,Hernandez,customer_403@example.com,2024-05-19T00:00:00
404,Amanda,Reed,customer_404@example.com,2024-05-24T00:00:00
405,Andrea,Daniels,customer_405@example.com,2024-11-05T00:00:00
406,Stanley,Morris,customer_406@example.com,2024-04-17T00:00:00
407,Jacob,Terry,customer_407@example.com,2024-06-24T00:00:00
408,Ashley,Hall,customer_408@example.com,2024-04-14T00:00:00
409,Kimberly,Williams,customer_409@example.com,2024-12-17T00:00:00
410,Julie,Thornton,customer_410@example.com,2024-11-20T00:00:00
411,Lisa,Hughes,customer_411@example.com,2024-05-15T00:00:00
412,Elizabeth,Hoover,customer_412@example.com,2024-09-15T00:00:00
413,Tina,Simpson,customer_413@example.com,2024-09-07T00:00:00
414,Benjamin,Shaw,customer_414@example.com,2024-05-08T00:00:00
415,Brittany,Kane,customer_415@example.com,2024-01-27T00:00:00
416,Morgan,Alexander,customer_416@example.com,2024-02-17T00:00:00
417,Alicia,Bryant,customer_417@example.com,2024-11-20T00:00:00
418,Jennifer,Ortiz,customer_418@example.com,2024-08-04T00:00:00
419,Diana,Moore,customer_419@example.com,2024-05-21T00:00:00
420,Terrance,Costa,customer_420@example.com,2024-01-23T00:00:00
421,Matthew,Schwartz,customer_421@example.com,2024-01-02T00:00:00
422,Debra,Christian,customer_422@example.com,2024-06-19T00:00:00
423,Melissa,Villarreal,customer_423@example.com,2024-03-07T00:00:00
424,Norman,Stewart,customer_424@example.com,2024-11-22T00:00:00
425,Jennifer,Malone,customer_425@example.com,2024-05-14T00:00:00
426,Monique,Johnson,customer_426@example.com,2024-03-23T00:00:00
427,Casey,Welch,customer_427@example.com,2024-08-14T00:00:00
428,Samantha,Bright,customer_428@example.com,2024-10-09T00:00:00
429,Julie,Hamilton,customer_429@example.com,2024-12-27T00:00:00
430,Corey,Schultz,customer_430@example.com,2024-08-06T00:00:00
431,Monique,Wallace,customer_431@example.com,2024-10-14T00:00:00
432,Heather,Berger,customer_432@example.com,2024-01-05T00:00:00
433,Brandon,Flynn,customer_433@example.com,2024-02-27T00:00:00
434,Kelly,Brooks,customer_434@example.com,2024-02-08T00:00:00
435,Dustin,Schmidt,customer_435@example.com,2024-12-19T00:00:00
436,Ashlee,Sparks,customer_436@example.com,2024-03-17T00:00:00
437,George,Miller,customer_437@example.com,2024-10-06T00:00:00
438,Monica,Harvey,customer_438@example.com,2024-01-19T00:00:00
439,John,Durham,customer_439@example.com,2024-07-08T00:00:00
440,Douglas,Murray,customer_440@example.com,2024-10-25T00:00:00
441,Jonathan,Scott,customer_441@example.com,2024-10-09T00:00:00
442,Albert,Ballard,customer_442@example.com,2024-03-16T00:00:00
443,Rachel,Byrd,customer_443@example.com,2024-08-08T00:00:00
444,Eric,Alexander,customer_444@example.com,2024-03-06T00:00:00
445,Michael,Matthews,customer_445@example.com,2024-01-22T00:00:00
446,Danielle,Coleman,customer_446@example.com,2024-06-06T00:00:00
447,John,Bruce,customer_447@example.com,2024-07-05T00:00:00
448,James,Cruz,customer_448@example.com,2024-01-21T00:00:00
449,Timothy,Young,customer_449@example.com,2024-07-02T00:00:00
450,Ashley,Andrews,customer_450@example.com,2024-04-17T00:00:00
451,Victoria,Phillips,customer_451@example.com,2024-12-15T00:00:00
452,Tiffany,Barrett,customer_452@example.com,2024-05-07T00:00:00
453,Joshua,Knight,customer_453@example.com,2024-12-07T00:00:00
454,Gina,Garner,customer_454@example.com,2024-02-22T00:00:00
455,Brandon,Obrien,customer_455@example.com,2024-06-30T00:00:00
456,Tyler,Strong,customer_456@example.com,2024-10-13T00:00:00
457,Justin,Lindsey,customer_457@example.com,2024-07-27T00:00:00
458,Catherine,Gomez,customer_458@example.com,2024-11-13T00:00:00
459,Dana,Oliver,customer_459@example.com,2024-03-20T00:00:00
460,Erica,Le,customer_460@example.com,2024-05-01T00:00:00
461,Donna,Massey,customer_461@example.com,2024-03-24T00:00:00
462,Courtney,Berger,customer_462@example.com,2024-03-31T00:00:00
463,Debbie,Parker,customer_463@example.com,2024-07-30T00:00:00
464,Scott,Riley,customer_464@example.com,2024-01-13T00:00:00
465,Jessica,Davis,customer_465@example.com,2024-04-01T00:00:00
466,Kenneth,Burgess,customer_466@example.com,2024-06-19T00:00:00
467,Gregory,Anderson,customer_467@example.com,2024-07-29T00:00:00
468,Amber,Mata,customer_468@example.com,2024-12-08T00:00:00
469,Alyssa,Mcintyre,customer_469@example.com,2024-05-07T00:00:00
470,Maria,Scott,customer_470@example.com,2024-05-16T00:00:00
471,Makayla,Olson,customer_471@example.com,2024-03-22T00:00:00
472,Lindsay,Francis,customer_472@example.com,2024-12-25T00:00:00
473,Matthew,Wilson,customer_473@example.com,2024-02-25T00:00:00
474,Sydney,Taylor,customer_474@example.com,2024-07-14T00:00:00
475,Tammy,Dalton,customer_475@example.com,2024-01-20T00:00:00
476,Jennifer,Whitney,customer_476@example.com,2024-08-28T00:00:00
477,Tammy,Ballard,customer_477@example.com,2024-04-23T00:00:00
478,Michael,Gibbs,customer_478@example.com,2024-04-12T00:00:00
479,Alexander,Herrera,customer_479@example.com,2024-08-23T00:00:00
480,Shawn,Chambers,customer_480@example.com,2024-06-28T00:00:00
481,Emily,Richards,customer_481@example.com,2024-06-05T00:00:00
482,Lynn,Bentley,customer_482@example.com,2024-04-26T00:00:00
483,Daniel,Hall,customer_483@example.com,2024-04-24T00:00:00
484,Angel,Henson,customer_484@example.com,2024-01-13T00:00:00
485,Anna,Herman,customer_485@example.com,2024-12-03T00:00:00
486,Jeffrey,Brown,customer_486@example.com,2024-04-08T00:00:00
487,Madison,Blankenship,customer_487@example.com,2024-07-23T00:00:00
488,Kevin,Ortiz,customer_488@example.com,2024-06-17T00:00:00
489,Donald,Shah,customer_489@example.com,2024-05-22T00:00:00
490,Kevin,Vasquez,customer_490@example.com,2024-02-05T00:00:00
491,Colton,Clay,customer_491@example.com,2024-05-22T00:00:00
492,Derek,Chavez,customer_492@example.com,2024-06-28T00:00:00
493,Ellen,Paul,customer_493@example.com,2024-11-24T00:00:00
494,Sonya,Barnes,customer_494@example.com,2024-09-17T00:00:00
495,Julia,Moore,customer_495@example.com,2024-07-23T00:00:00
496,Robert,Garcia,customer_496@example.com,2024-12-13T00:00:00
497,Tracy,Russell,customer_497@example.com,2024-10-01T00:00:00
498,Stephanie,Johnson,customer_498@example.com,2024-06-18T00:00:00
499,Mitchell,Ramos,customer_499@example.com,2024-01-15T00:00:00
500,Stephanie,Foley,customer_500@example.com,2024-02-29T00:00:00
501,Cory,Jennings,customer_501@example.com,2024-05-13T00:00:00
502,Amy,Levine,customer_502@example.com,2024-04-01T00:00:00
503,Michael,Sanders,customer_503@example.com,2024-10-24T00:00:00
504,James,Martinez,customer_504@example.com,2024-05-15T00:00:00
505,Melanie,Gibson,customer_505@example.com,2024-01-20T00:00:00
506,Elizabeth,May,customer_506@example.com,2024-02-25T00:00:00
507,Carla,Smith,customer_507@example.com,2024-11-01T00:00:00
508,Kristin,Sanchez,customer_508@example.com,2024-08-10T00:00:00
509,David,Cunningham,customer_509@example.com,2024-06-25T00:00:00
510,Casey,Hubbard,customer_510@example.com,2024-06-09T00:00:00
511,Jamie,Robinson,customer_511@example.com,2024-08-11T00:00:00
512,Molly,Murphy,customer_512@example.com,2024-11-06T00:00:00
513,Dylan,Lester,customer_513@example.com,2024-09-18T00:00:00
514,Aaron,Garrison,customer_514@example.com,2024-02-29T00:00:00
515,Duane,Anderson,customer_515@example.com,2024-07-16T00:00:00
516,John,Thompson,customer_516@example.com,2024-10-22T00:00:00
517,Donna,Johnson,customer_517@example.com,2024-04-07T00:00:00
518,Alexis,Tyler,customer_518@example.com,2024-05-10T00:00:00
519,John,Morris,customer_519@example.com,2024-01-23T00:00:00
520,Grant,Williams,customer_520@example.com,2024-12-28T00:00:00
521,Judy,Fox,customer_521@example.com,2024-08-11T00:00:00
522,Julie,Alvarez,customer_522@example.com,2024-01-01T00:00:00
523,Kimberly,Palmer,customer_523@example.com,2024-09-23T00:00:00
524,Daniel,Gordon,customer_524@example.com,2024-10-02T00:00:00
525,Sonia,Williams,customer_525@example.com,2024-12-17T00:00:00
526,Krista,Camacho,customer_526@example.com,2024-12-09T00:00:00
527,Adrienne,Ellis,customer_527@example.com,2024-04-10T00:00:00
528,Tamara,Brown,customer_528@example.com,2024-07-05T00:00:00
529,Timothy,Morales,customer_529@example.com,2024-08-08T00:00:00
530,Gina,Henry,customer_530@example.com,2024-02-05T00:00:00
531,Renee,Jones,customer_531@example.com,2024-12-06T00:00:00
532,Christopher,Franklin,customer_532@example.com,2024-06-18T00:00:00
533,Cameron,Hill,customer_533@example.com,2024-11-15T00:00:00
534,Cynthia,Kelley,customer_534@example.com,2024-06-09T00:00:00
535,Mark,Vang,customer_535@example.com,2024-12-05T00:00:00
536,Alyssa,Chavez,customer_536@example.com,2024-03-04T00:00:00
537,Catherine,Garcia,customer_537@example.com,2024-06-02T00:00:00
538,Jacqueline,Farrell,customer_538@example.com,2024-09-16T00:00:00
539,Debra,Mack,customer_539@example.com,2024-06-07T00:00:00
540,Jennifer,Lewis,customer_540@example.com,2024-12-07T00:00:00
541,Shannon,Perez,customer_541@example.com,2024-07-28T00:00:00
542,Matthew,Chavez,customer_542@example.com,2024-06-16T00:00:00
543,Robert,Davis,customer_543@example.com,2024-07-25T00:00:00
544,Ronald,Ortega,customer_544@example.com,2024-12-22T00:00:00
545,Nicholas,Hernandez,customer_545@example.com,2024-05-31T00:00:00
546,Sandra,Jones,customer_546@example.com,2024-10-10T00:00:00
547,Marie,Davis,customer_547@example.com,2024-03-06T00:00:00
548,Colin,Rodgers,customer_548@example.com,2024-04-08T00:00:00
549,Lisa,Hawkins,customer_549@example.com,2024-08-03T00:00:00
550,Brenda,Hoffman,customer_550@example.com,2024-12-06T00:00:00
551,Mark,Martinez,customer_551@example.com,2024-07-13T00:00:00
552,Michael,Ortega,customer_552@example.com,2024-12-12T00:00:00
553,Karen,Parrish,customer_553@example.com,2024-03-30T00:00:00
554,Jennifer,Schmitt,customer_554@example.com,2024-11-11T00:00:00
555,Caroline,Bell,customer_555@example.com,2024-10-18T00:00:00
556,Becky,Lewis,customer_556@example.com,2024-06-03T00:00:00
557,Diane,Walker,customer_557@example.com,2024-07-26T00:00:00
558,Daniel,Bruce,customer_558@example.com,2024-10-07T00:00:00
559,Michael,Farmer,customer_559@example.com,2024-01-01T00:00:00
560,Audrey,Aguirre,customer_560@example.com,2024-06-04T00:00:00
561,Megan,Villegas,customer_561@example.com,2024-05-26T00:00:00
562,Loretta,Austin,customer_562@example.com,2024-04-17T00:00:00
563,Dawn,Johnson,customer_563@example.com,2024-08-08T00:00:00
564,Sarah,Gallegos,customer_564@example.com,2024-10-23T00:00:00
565,Joseph,White,customer_565@example.com,2024-11-06T00:00:00
566,Jacqueline,Parker,customer_566@example.com,2024-12-01T00:00:00
567,Matthew,Smith,customer_567@example.com,2024-06-13T00:00:00
568,Molly,Knight,customer_568@example.com,2024-08-26T00:00:00
569,Richard,Thomas,customer_569@example.com,2024-08-14T00:00:00
570,Cynthia,Johnson,customer_570@example.com,2024-08-14T00:00:00
571,Julie,Lewis,customer_571@example.com,2024-12-11T00:00:00
572,Robert,Peterson,customer_572@example.com,2024-04-19T00:00:00
573,Mitchell,Griffith,customer_573@example.com,2024-09-18T00:00:00
574,Kimberly,Bradley,customer_574@example.com,2024-08-30T00:00:00
575,Christopher,Williams,customer_575@example.com,2024-03-27T00:00:00
576,Eric,Williamson,customer_576@example.com,2024-12-03T00:00:00
577,Emily,Nelson,customer_577@example.com,2024-02-13T00:00:00
578,Ebony,Tucker,customer_578@example.com,2024-05-25T00:00:00
579,Scott,Nelson,customer_579@example.com,2024-09-20T00:00:00
580,Kari,Wilson,customer_580@example.com,2024-12-05T00:00:00
581,Russell,Campbell,customer_581@example.com,2024-11-20T00:00:00
582,Erika,Tucker,customer_582@example.com,2024-11-13T00:00:00
583,Elizabeth,Williams,customer_583@example.com,2024-06-20T00:00:00
584,Randall,Greene,customer_584@example.com,2024-02-17T00:00:00
585,Adrian,Turner,customer_585@example.com,2024-04-30T00:00:00
586,Jason,Taylor,customer_586@example.com,2024-12-10T00:00:00
587,Jonathan,Murphy,customer_587@example.com,2024-06-07T00:00:00
588,Adrian,Burgess,customer_588@example.com,2024-04-25T00:00:00
589,Gregory,James,customer_589@example.com,2024-04-11T00:00:00
590,Jane,Mason,customer_590@example.com,2024-03-16T00:00:00
591,Martha,Drake,customer_591@example.com,2024-01-13T00:00:00
592,Charles,Hensley,customer_592@example.com,2024-01-24T00:00:00
593,Bobby,Smith,customer_593@example.com,2024-05-05T00:00:00
594,Samantha,Atkins,customer_594@example.com,2024-08-31T00:00:00
595,Barbara,Berry,customer_595@example.com,2024-11-08T00:00:00
596,Jenna,Butler,customer_596@example.com,2024-02-07T00:00:00
597,Darius,Smith,customer_597@example.com,2024-08-21T00:00:00
598,Mark,Solis,customer_598@example.com,2024-07-31T00:00:00
599,Christine,Collier,customer_599@example.com,2024-11-18T00:00:00
600,Samantha,Davis,customer_600@example.com,2024-10-21T00:00:00
601,Megan,Sanchez,customer_601@example.com,2024-04-09T00:00:00
602,Brianna,Warren,customer_602@example.com,2024-12-22T00:00:00
603,Randy,Collins,customer_603@example.com,2024-07-15T00:00:00
604,Matthew,Cook,customer_604@example.com,2024-09-10T00:00:00
605,Gary,Dixon,customer_605@example.com,2024-07-23T00:00:00
606,Daniel,Hicks,customer_606@example.com,2024-05-04T00:00:00
607,Rebecca,Bailey,customer_607@example.com,2024-03-16T00:00:00
608,Jessica,Fuentes,customer_608@example.com,2024-12-01T00:00:00
609,Lisa,Young,customer_609@example.com,2024-12-18T00:00:00
610,Dwayne,Gonzalez,customer_610@example.com,2024-01-03T00:00:00
611,Carrie,Wolf,customer_611@example.com,2024-02-24T00:00:00
612,Diana,Thompson,customer_612@example.com,2024-08-05T00:00:00
613,Kendra,Snyder,customer_613@example.com,2024-04-22T00:00:00
614,Karen,Wolf,customer_614@example.com,2024-03-31T00:00:00
615,Shane,Glass,customer_615@example.com,2024-12-22T00:00:00
616,Anne,Reid,customer_616@example.com,2024-09-22T00:00:00
617,Claudia,Lin,customer_617@example.com,2024-08-25T00:00:00
618,Courtney,Hernandez,customer_618@example.com,2024-01-26T00:00:00
619,Carlos,Ramos,customer_619@example.com,2024-10-12T00:00:00
620,Kevin,Hill,customer_620@example.com,2024-05-07T00:00:00
621,Brian,Romero,customer_621@example.com,2024-03-03T00:00:00
622,Lance,Hayes,customer_622@example.com,2024-08-21T00:00:00
623,Brian,Decker,customer_623@example.com,2024-03-09T00:00:00
624,Chase,Lin,customer_624@example.com,2024-08-25T00:00:00
625,Melissa,Gilbert,customer_625@example.com,2024-12-07T00:00:00
626,William,Ford,customer_626@example.com,2024-09-28T00:00:00
627,Angela,Conner,customer_627@example.com,2024-10-13T00:00:00
628,Paula,Cole,customer_628@example.com,2024-10-31T00:00:00
629,Lisa,Pearson,customer_629@example.com,2024-06-11T00:00:00
630,Marc,Alvarez,customer_630@example.com,2024-08-14T00:00:00
631,Edward,Brown,customer_631@example.com,2024-11-09T00:00:00
632,Dale,Nolan,customer_632@example.com,2024-09-15T00:00:00
633,Matthew,Klein,customer_633@example.com,2024-08-06T00:00:00
634,William,Thompson,customer_634@example.com,2024-10-07T00:00:00
635,John,Kim,customer_635@example.com,2024-08-16T00:00:00
636,Scott,Mills,customer_636@example.com,2024-03-22T00:00:00
637,Erik,Watson,customer_637@example.com,2024-08-31T00:00:00
638,Justin,Ortiz,customer_638@example.com,2024-08-18T00:00:00
639,Matthew,Harper,customer_639@example.com,2024-05-12T00:00:00
640,Kristina,Holland,customer_640@example.com,2024-05-06T00:00:00
641,Cameron,Davis,customer_641@example.com,2024-11-22T00:00:00
642,Erika,Mitchell,customer_642@example.com,2024-05-21T00:00:00
643,Jennifer,Douglas,customer_643@example.com,2024-09-23T00:00:00
644,Rebecca,Marks,customer_644@example.com,2024-09-05T00:00:00
645,Mathew,Aguilar,customer_645@example.com,2024-11-16T00:00:00
646,Donald,Bailey,customer_646@example.com,2024-05-02T00:00:00
647,Tammy,Hale,customer_647@example.com,2024-05-20T00:00:00
648,Philip,Larson,customer_648@example.com,2024-08-13T00:00:00
649,Sharon,Collins,customer_649@example.com,2024-02-09T00:00:00
650,Nicholas,Conner,customer_650@example.com,2024-12-31T00:00:00
651,Lisa,Santiago,customer_651@example.com,2024-05-26T00:00:00
652,Maria,Rodgers,customer_652@example.com,2024-04-30T00:00:00
653,Gina,Fox,customer_653@example.com,2024-05-19T00:00:00
654,Debbie,Henderson,customer_654@example.com,2024-06-20T00:00:00
655,Michael,Cox,customer_655@example.com,2024-06-12T00:00:00
656,Henry,Lewis,customer_656@example.com,2024-10-03T00:00:00
657,Stacey,Tucker,customer_657@example.com,2024-02-11T00:00:00
658,Jeremy,Taylor,customer_658@example.com,2024-03-11T00:00:00
659,Chris,Richard,customer_659@example.com,2024-03-18T00:00:00
660,Craig,Wise,customer_660@example.com,2024-04-28T00:00:00
661,Mary,Stephenson,customer_661@example.com,2024-07-15T00:00:00
662,Benjamin,Rogers,customer_662@example.com,2024-12-21T00:00:00
663,Katie,Anderson,customer_663@example.com,2024-03-19T00:00:00
664,Nicholas,Martin,customer_664@example.com,2024-12-27T00:00:00
665,Marie,Wise,customer_665@example.com,2024-04-19T00:00:00
666,Lisa,Martin,customer_666@example.com,2024-02-02T00:00:00
667,Samuel,Jenkins,customer_667@example.com,2024-07-31T00:00:00
668,Erica,Young,customer_668@example.com,2024-07-27T00:00:00
669,Sean,Mitchell,customer_669@example.com,2024-06-18T00:00:00
670,Kaitlyn,Cole,customer_670@example.com,2024-10-04T00:00:00
671,Amanda,Collins,customer_671@example.com,2024-08-26T00:00:00
672,Lindsey,Harrison,customer_672@example.com,2024-07-31T00:00:00
673,Mary,Richardson,customer_673@example.com,2024-02-01T00:00:00
674,Stacey,Joyce,customer_674@example.com,2024-04-15T00:00:00
675,Steven,Campbell,customer_675@example.com,2024-08-03T00:00:00
676,Patrick,Rose,customer_676@example.com,2024-07-18T00:00:00
677,Tammy,Montoya,customer_677@example.com,2024-10-26T00:00:00
678,Laurie,Taylor,customer_678@example.com,2024-12-22T00:00:00
679,John,Davidson,customer_679@example.com,2024-01-11T00:00:00
680,Morgan,Spencer,customer_680@example.com,2024-10-21T00:00:00
681,Curtis,Singleton,customer_681@example.com,2024-07-13T00:00:00
682,Melissa,Mitchell,customer_682@example.com,2024-09-01T00:00:00
683,Kathryn,Nelson,customer_683@example.com,2024-01-04T00:00:00
684,Rebecca,Hernandez,customer_684@example.com,2024-06-29T00:00:00
685,Samuel,Potts,customer_685@example.com,2024-06-01T00:00:00
686,Jeffrey,Hayes,customer_686@example.com,2024-07-18T00:00:00
687,Michael,Johnson,customer_687@example.com,2024-08-02T00:00:00
688,Brian,Shaw,customer_688@example.com,2024-10-02T00:00:00
689,Joe,Vang,customer_689@example.com,2024-10-06T00:00:00
690,Nicholas,Johnson,customer_690@example.com,2024-11-04T00:00:00
691,Sarah,Combs,customer_691@example.com,2024-04-22T00:00:00
692,Debra,Moody,customer_692@example.com,2024-09-06T00:00:00
693,Devin,Mitchell,customer_693@example.com,2024-04-22T00:00:00
694,Maria,Horton,customer_694@example.com,2024-05-19T00:00:00
695,Dominic,Thornton,customer_695@example.com,2024-08-11T00:00:00
696,Shane,Smith,customer_696@example.com,2024-09-05T00:00:00
697,Christian,Scott,customer_697@example.com,2024-01-15T00:00:00
698,Mary,Dunn,customer_698@example.com,2024-07-18T00:00:00
699,Jessica,Rose,customer_699@example.com,2024-06-21T00:00:00
700,Daniel,Roberts,customer_700@example.com,2024-12-08T00:00:00
701,Kevin,Williams,customer_701@example.com,2024-12-13T00:00:00
702,Robert,Bauer,customer_702@example.com,2024-07-26T00:00:00
703,Stephen,Rodriguez,customer_703@example.com,2024-03-25T00:00:00
704,Rebecca,Carlson,customer_704@example.com,2024-08-27T00:00:00
705,Allen,Robertson,customer_705@example.com,2024-03-06T00:00:00
706,John,Thomas,customer_706@example.com,2024-11-14T00:00:00
707,Ruben,Mendez,customer_707@example.com,2024-09-30T00:00:00
708,John,Butler,customer_708@example.com,2024-01-14T00:00:00
709,Elizabeth,Miller,customer_709@example.com,2024-07-20T00:00:00
710,Theresa,Jones,customer_710@example.com,2024-10-30T00:00:00
711,Alicia,Romero,customer_711@example.com,2024-10-15T00:00:00
712,Vanessa,Spencer,customer_712@example.com,2024-12-05T00:00:00
713,Peter,Harrison,customer_713@example.com,2024-01-14T00:00:00
714,Cynthia,Zavala,customer_714@example.com,2024-02-12T00:00:00
715,Jon,Smith,customer_715@example.com,2024-11-25T00:00:00
716,Kristina,Cooper,customer_716@example.com,2024-08-07T00:00:00
717,Jessica,Fuller,customer_717@example.com,2024-03-10T00:00:00
718,Kelsey,Moss,customer_718@example.com,2024-08-24T00:00:00
719,Marvin,Williams,customer_719@example.com,2024-04-03T00:00:00
720,Amy,Li,customer_720@example.com,2024-01-26T00:00:00
721,Gregory,Maxwell,customer_721@example.com,2024-05-13T00:00:00
722,Steven,Dominguez,customer_722@example.com,2024-07-13T00:00:00
723,Crystal,Cain,customer_723@example.com,2024-06-16T00:00:00
724,Bryan,Parsons,customer_724@example.com,2024-04-18T00:00:00
725,Stephen,Carter,customer_725@example.com,2024-08-20T00:00:00
726,Bradley,Gonzalez,customer_726@example.com,2024-06-16T00:00:00
727,Bobby,Mahoney,customer_727@example.com,2024-06-21T00:00:00
728,Zachary,Hays,customer_728@example.com,2024-07-13T00:00:00
729,Amy,King,customer_729@example.com,2024-05-22T00:00:00
730,Karen,Lee,customer_730@example.com,2024-08-03T00:00:00
731,Michael,Norman,customer_731@example.com,2024-05-09T00:00:00
732,Michelle,Rivera,customer_732@example.com,2024-02-11T00:00:00
733,David,Richardson,customer_733@example.com,2024-08-28T00:00:00
734,Pamela,Paul,customer_734@example.com,2024-01-10T00:00:00
735,Patricia,Hughes,customer_735@example.com,2024-10-03T00:00:00
736,Terri,Crawford,customer_736@example.com,2024-01-27T00:00:00
737,Tyler,Glass,customer_737@example.com,2024-06-28T00:00:00
738,April,Owen,customer_738@example.com,2024-04-24T00:00:00
739,Jessica,Miller,customer_739@example.com,2024-11-28T00:00:00
740,Carrie,Short,customer_740@example.com,2024-02-05T00:00:00
741,Amy,Morris,customer_741@example.com,2024-11-29T00:00:00
742,Christopher,Guerrero,customer_742@example.com,2024-01-21T00:00:00
743,Kirk,Morrison,customer_743@example.com,2024-01-16T00:00:00
744,Ronald,Norris,customer_744@example.com,2024-05-06T00:00:00
745,Michael,Williams,customer_745@example.com,2024-04-12T00:00:00
746,Molly,Gomez,customer_746@example.com,2024-01-11T00:00:00
747,Whitney,Hill,customer_747@example.com,2024-11-14T00:00:00
748,Tina,Gould,customer_748@example.com,2024-03-19T00:00:00
749,Charles,Walsh,customer_749@example.com,2024-05-02T00:00:00
750,Michael,Owen,customer_750@example.com,2024-03-05T00:00:00
751,Erin,Cisneros,customer_751@example.com,2024-08-30T00:00:00
752,Douglas,Lawson,customer_752@example.com,2024-12-08T00:00:00
753,Kimberly,Johnson,customer_753@example.com,2024-02-28T00:00:00
754,Carlos,Osborne,customer_754@example.com,2024-10-15T00:00:00
755,Michael,Reyes,customer_755@example.com,2024-04-21T00:00:00
756,Ashley,Jacobs,customer_756@example.com,2024-08-26T00:00:00
757,Erika,Rush,customer_757@example.com,2024-12-24T00:00:00
758,Nathan,Hines,customer_758@example.com,2024-05-11T00:00:00
759,Audrey,Moreno,customer_759@example.com,2024-07-07T00:00:00
760,Raymond,Banks,customer_760@example.com,2024-03-26T00:00:00
761,John,Wilson,customer_761@example.com,2024-11-06T00:00:00
762,Jill,Porter,customer_762@example.com,2024-11-06T00:00:00
763,Paul,Hoffman,customer_763@example.com,2024-02-28T00:00:00
764,Jose,Green,customer_764@example.com,2024-03-24T00:00:00
765,Sean,Davies,customer_765@example.com,2024-06-08T00:00:00
766,Justin,Hendricks,customer_766@example.com,2024-02-25T00:00:00
767,Travis,Martinez,customer_767@example.com,2024-10-23T00:00:00
768,Melissa,Hayes,customer_768@example.com,2024-01-14T00:00:00
769,Rachel,Wallace,customer_769@example.com,2024-06-08T00:00:00
770,Christopher,Fleming,customer_770@example.com,2024-10-21T00:00:00
771,Megan,Flores,customer_771@example.com,2024-12-12T00:00:00
772,Michael,Brown,customer_772@example.com,2024-07-11T00:00:00
773,Amber,Vance,customer_773@example.com,2024-07-22T00:00:00
774,Melissa,Joseph,customer_774@example.com,2024-04-11T00:00:00
775,Sara,Little,customer_775@example.com,2024-02-08T00:00:00
776,Laura,Hicks,customer_776@example.com,2024-10-30T00:00:00
777,David,Harris,customer_777@example.com,2024-12-19T00:00:00
778,Dominic,Tyler,customer_778@example.com,2024-11-17T00:00:00
779,Anthony,Spencer,customer_779@example.com,2024-05-04T00:00:00
780,Miguel,Lara,customer_780@example.com,2024-02-22T00:00:00
781,Andrea,Salazar,customer_781@example.com,2024-12-22T00:00:00
782,Christopher,Parker,customer_782@example.com,2024-06-03T00:00:00
783,Yvonne,Higgins,customer_783@example.com,2024-12-16T00:00:00
784,Alicia,Hammond,customer_784@example.com,2024-11-03T00:00:00
785,Madeline,Jones,customer_785@example.com,2024-03-02T00:00:00
786,Teresa,Day,customer_786@example.com,2024-10-16T00:00:00
787,Shannon,Frazier,customer_787@example.com,2024-01-22T00:00:00
788,Melvin,Humphrey,customer_788@example.com,2024-06-26T00:00:00
789,Kimberly,Bowman,customer_789@example.com,2024-09-29T00:00:00
790,Hunter,Burch,customer_790@example.com,2024-08-07T00:00:00
791,Ryan,Bartlett,customer_791@example.com,2024-12-04T00:00:00
792,Brian,Martinez,customer_792@example.com,2024-07-08T00:00:00
793,Eric,Martin,customer_793@example.com,2024-02-05T00:00:00
794,Marcus,Fletcher,customer_794@example.com,2024-09-16T00:00:00
795,Michael,Everett,customer_795@example.com,2024-11-27T00:00:00
796,Patty,Singleton,customer_796@example.com,2024-06-23T00:00:00
797,John,Reid,customer_797@example.com,2024-01-07T00:00:00
798,Andrea,Martinez,customer_798@example.com,2024-08-03T00:00:00
799,Kevin,Ferguson,customer_799@example.com,2024-09-07T00:00:00
800,Wayne,Jackson,customer_800@example.com,2024-02-24T00:00:00
801,Shelly,Moore,customer_801@example.com,2024-08-09T00:00:00
802,Donna,Le,customer_802@example.com,2024-07-04T00:00:00
803,Cassie,Kirby,customer_803@example.com,2024-11-21T00:00:00
804,Anne,Bryan,customer_804@example.com,2024-08-23T00:00:00
805,Anthony,Williams,customer_805@example.com,2024-12-28T00:00:00
806,Darlene,Ray,customer_806@example.com,2024-03-19T00:00:00
807,Debra,Wang,customer_807@example.com,2024-08-10T00:00:00
808,Robert,Fowler,customer_808@example.com,2024-03-31T00:00:00
809,Tyler,Burton,customer_809@example.com,2024-09-24T00:00:00
810,Keith,Frye,customer_810@example.com,2024-11-29T00:00:00
811,Timothy,Ballard,customer_811@example.com,2024-05-18T00:00:00
812,Gail,Evans,customer_812@example.com,2024-11-11T00:00:00
813,Charles,Brown,customer_813@example.com,2024-10-02T00:00:00
814,Scott,Washington,customer_814@example.com,2024-09-04T00:00:00
815,James,Lawson,customer_815@example.com,2024-08-26T00:00:00
816,Larry,Higgins,customer_816@example.com,2024-08-11T00:00:00
817,Jessica,Valencia,customer_817@example.com,2024-10-30T00:00:00
818,Theresa,Anderson,customer_818@example.com,2024-05-17T00:00:00
819,Mitchell,Hoffman,customer_819@example.com,2024-06-14T00:00:00
820,Luis,Owens,customer_820@example.com,2024-05-05T00:00:00
821,Joseph,Wright,customer_821@example.com,2024-02-14T00:00:00
822,Colin,Roberts,customer_822@example.com,2024-05-22T00:00:00
823,Patrick,Gilbert,customer_823@example.com,2024-08-18T00:00:00
824,John,Grimes,customer_824@example.com,2024-05-04T00:00:00
825,Erik,Murphy,customer_825@example.com,2024-08-25T00:00:00
826,Becky,Edwards,customer_826@example.com,2024-10-18T00:00:00
827,Kathryn,Jimenez,customer_827@example.com,2024-11-08T00:00:00
828,Xavier,Jimenez,customer_828@example.com,2024-12-08T00:00:00
829,Kyle,Johnson,customer_829@example.com,2024-07-13T00:00:00
830,Sierra,Wagner,customer_830@example.com,2024-06-21T00:00:00
831,Tammy,Lewis,customer_831@example.com,2024-01-15T00:00:00
832,Michael,Williams,customer_832@example.com,2024-09-10T00:00:00
833,Troy,Khan,customer_833@example.com,2024-06-15T00:00:00
834,Destiny,Ruiz,customer_834@example.com,2024-04-03T00:00:00
835,Amanda,Boone,customer_835@example.com,2024-09-06T00:00:00
836,Ryan,Khan,customer_836@example.com,2024-04-18T00:00:00
837,Jessica,Gallagher,customer_837@example.com,2024-06-30T00:00:00
838,Michael,Morales,customer_838@example.com,2024-05-12T00:00:00
839,Ashley,Lee,customer_839@example.com,2024-06-23T00:00:00
840,Angela,Jones,customer_840@example.com,2024-05-23T00:00:00
841,William,Duran,customer_841@example.com,2024-11-01T00:00:00
842,Joshua,Hays,customer_842@example.com,2024-12-25T00:00:00
843,Erin,Wilson,customer_843@example.com,2024-05-21T00:00:00
844,Theresa,Long,customer_844@example.com,2024-10-11T00:00:00
845,Laura,Morgan,customer_845@example.com,2024-01-06T00:00:00
846,Sheila,Fischer,customer_846@example.com,2024-09-21T00:00:00
847,James,Hicks,customer_847@example.com,2024-04-07T00:00:00
848,Vincent,Williams,customer_848@example.com,2024-02-13T00:00:00
849,Derrick,Cook,customer_849@example.com,2024-05-03T00:00:00
850,Thomas,Bryant,customer_850@example.com,2024-07-27T00:00:00
851,Catherine,Robertson,customer_851@example.com,2024-09-07T00:00:00
852,Mark,Austin,customer_852@example.com,2024-10-11T00:00:00
853,Francisco,Ewing,customer_853@example.com,2024-05-03T00:00:00
854,Jodi,Evans,customer_854@example.com,2024-12-19T00:00:00
855,Matthew,Clayton,customer_855@example.com,2024-08-31T00:00:00
856,Amanda,Erickson,customer_856@example.com,2024-11-26T00:00:00
857,Kevin,Cabrera,customer_857@example.com,2024-12-30T00:00:00
858,Micheal,Nunez,customer_858@example.com,2024-09-08T00:00:00
859,Tina,Silva,customer_859@example.com,2024-08-17T00:00:00
860,Laura,Swanson,customer_860@example.com,2024-01-09T00:00:00
861,Hailey,Johnson,customer_861@example.com,2024-02-17T00:00:00
862,Thomas,Coffey,customer_862@example.com,2024-05-30T00:00:00
863,Krista,Parsons,customer_863@example.com,2024-04-23T00:00:00
864,Becky,Griffith,customer_864@example.com,2024-07-26T00:00:00
865,Brandy,Jackson,customer_865@example.com,2024-12-20T00:00:00
866,Cristina,Harvey,customer_866@example.com,2024-05-04T00:00:00
867,Maureen,Hernandez,customer_867@example.com,2024-06-05T00:00:00
868,Erin,Johnson,customer_868@example.com,2024-12-05T00:00:00
869,Stacy,Rodriguez,customer_869@example.com,2024-10-24T00:00:00
870,Andrew,Edwards,customer_870@example.com,2024-07-07T00:00:00
871,Edward,Vaughn,customer_871@example.com,2024-08-30T00:00:00
872,Robert,Hampton,customer_872@example.com,2024-10-10T00:00:00
873,Samantha,Salas,customer_873@example.com,2024-09-28T00:00:00
874,Jill,Brown,customer_874@example.com,2024-06-25T00:00:00
875,Devin,Clark,customer_875@example.com,2024-08-05T00:00:00
876,Mark,Bates,customer_876@example.com,2024-10-08T00:00:00
877,Alicia,Edwards,customer_877@example.com,2024-06-18T00:00:00
878,Glen,Barr,customer_878@example.com,2024-06-29T00:00:00
879,Matthew,Gomez,customer_879@example.com,2024-12-25T00:00:00
880,Kelsey,Le,customer_880@example.com,2024-08-20T00:00:00
881,Dawn,Steele,customer_881@example.com,2024-05-18T00:00:00
882,Chelsea,Lee,customer_882@example.com,2024-06-05T00:00:00
883,John,Grant,customer_883@example.com,2024-05-08T00:00:00
884,Jeffrey,Dudley,customer_884@example.com,2024-04-28T00:00:00
885,Kenneth,Roberts,customer_885@example.com,2024-03-02T00:00:00
886,Jared,Bush,customer_886@example.com,2024-04-08T00:00:00
887,Logan,Bailey,customer_887@example.com,2024-06-10T00:00:00
888,Sarah,Pope,customer_888@example.com,2024-03-02T00:00:00
889,Joshua,Martinez,customer_889@example.com,2024-10-01T00:00:00
890,Erica,James,customer_890@example.com,2024-12-19T00:00:00
891,Tina,Cardenas,customer_891@example.com,2024-04-04T00:00:00
892,Stephanie,Ballard,customer_892@example.com,2024-04-08T00:00:00
893,Kelly,Roberts,customer_893@example.com,2024-04-20T00:00:00
894,Jennifer,Reed,customer_894@example.com,2024-09-04T00:00:00
895,Scott,Scott,customer_895@example.com,2024-05-21T00:00:00
896,Timothy,Harris,customer_896@example.com,2024-10-28T00:00:00
897,Amanda,Fitzpatrick,customer_897@example.com,2024-09-25T00:00:00
898,Heather,Taylor,customer_898@example.com,2024-11-01T00:00:00
899,Christina,Matthews,customer_899@example.com,2024-05-24T00:00:00
900,John,Santiago,customer_900@example.com,2024-02-21T00:00:00
901,Amanda,Little,customer_901@example.com,2024-04-09T00:00:00
902,Brian,Gutierrez,customer_902@example.com,2024-05-31T00:00:00
903,Jennifer,Garcia,customer_903@example.com,2024-04-26T00:00:00
904,Kelli,Smith,customer_904@example.com,2024-07-03T00:00:00
905,Andrea,Hickman,customer_905@example.com,2024-04-01T00:00:00
906,Richard,Donovan,customer_906@example.com,2024-06-03T00:00:00
907,Natalie,Woods,customer_907@example.com,2024-01-08T00:00:00
908,James,Maynard,customer_908@example.com,2024-12-28T00:00:00
909,Manuel,Brewer,customer_909@example.com,2024-09-30T00:00:00
910,Rebecca,Davis,customer_910@example.com,2024-03-05T00:00:00
911,Audrey,Nichols,customer_911@example.com,2024-05-20T00:00:00
912,Jennifer,Zuniga,customer_912@example.com,2024-01-24T00:00:00
913,Robin,Thompson,customer_913@example.com,2024-01-28T00:00:00
914,Nicole,Thompson,customer_914@example.com,2024-10-10T00:00:00
915,Samantha,Osborn,customer_915@example.com,2024-05-29T00:00:00
916,Randy,Simpson,customer_916@example.com,2024-12-23T00:00:00
917,Sharon,Hayden,customer_917@example.com,2024-03-05T00:00:00
918,Sara,Mcdowell,customer_918@example.com,2024-11-22T00:00:00
919,Albert,Bradley,customer_919@example.com,2024-09-08T00:00:00
920,Daniel,Bird,customer_920@example.com,2024-02-22T00:00:00
921,Justin,Hays,customer_921@example.com,2024-01-07T00:00:00
922,Amy,Snyder,customer_922@example.com,2024-10-20T00:00:00
923,Sheena,Rosales,customer_923@example.com,2024-05-25T00:00:00
924,Taylor,Lee,customer_924@example.com,2024-08-28T00:00:00
925,Daniel,Martin,customer_925@example.com,2024-09-02T00:00:00
926,Stephen,Scott,customer_926@example.com,2024-08-13T00:00:00
927,Jacob,Doyle,customer_927@example.com,2024-06-23T00:00:00
928,Krystal,Bradley,customer_928@example.com,2024-04-04T00:00:00
929,Katherine,Thompson,customer_929@example.com,2024-01-27T00:00:00
930,Melissa,Prince,customer_930@example.com,2024-05-09T00:00:00
931,Margaret,Robertson,customer_931@example.com,2024-09-01T00:00:00
932,Christopher,Caldwell,customer_932@example.com,2024-02-28T00:00:00
933,Jack,Taylor,customer_933@example.com,2024-02-03T00:00:00
934,Marcus,Wright,customer_934@example.com,2024-07-24T00:00:00
935,Jose,Young,customer_935@example.com,2024-09-08T00:00:00
936,Karen,Finley,customer_936@example.com,2024-02-07T00:00:00
937,Kevin,Sharp,customer_937@example.com,2024-10-22T00:00:00
938,Alexander,Valdez,customer_938@example.com,2024-11-18T00:00:00
939,Heather,Brown,customer_939@example.com,2024-12-17T00:00:00
940,David,Parker,customer_940@example.com,2024-01-28T00:00:00
941,Richard,Shaw,customer_941@example.com,2024-03-18T00:00:00
942,Paula,Padilla,customer_942@example.com,2024-03-17T00:00:00
943,Larry,Wilson,customer_943@example.com,2024-10-15T00:00:00
944,Sabrina,Phillips,customer_944@example.com,2024-06-04T00:00:00
945,Christina,Robinson,customer_945@example.com,2024-02-13T00:00:00
946,Dennis,Hernandez,customer_946@example.com,2024-05-07T00:00:00
947,Julie,Obrien,customer_947@example.com,2024-03-01T00:00:00
948,Robert,Dunn,customer_948@example.com,2024-10-12T00:00:00
949,Thomas,Medina,customer_949@example.com,2024-08-01T00:00:00
950,Elizabeth,Robinson,customer_950@example.com,2024-11-06T00:00:00
951,John,Fischer,customer_951@example.com,2024-11-01T00:00:00
952,Morgan,Miller,customer_952@example.com,2024-11-12T00:00:00
953,Sean,Padilla,customer_953@example.com,2024-04-25T00:00:00
954,Christian,Elliott,customer_954@example.com,2024-09-24T00:00:00
955,Bryan,Kelley,customer_955@example.com,2024-07-13T00:00:00
956,William,Armstrong,customer_956@example.com,2024-08-18T00:00:00
957,Edward,Murphy,customer_957@example.com,2024-08-14T00:00:00
958,Abigail,Wilson,customer_958@example.com,2024-06-01T00:00:00
959,Jamie,Aguilar,customer_959@example.com,2024-10-28T00:00:00
960,Christopher,Dixon,customer_960@example.com,2024-08-07T00:00:00
961,Lindsey,Chavez,customer_961@example.com,2024-06-05T00:00:00
962,William,Bryant,customer_962@example.com,2024-10-18T00:00:00
963,Brian,Ford,customer_963@example.com,2024-11-13T00:00:00
964,Lindsay,Cummings,customer_964@example.com,2024-01-31T00:00:00
965,Randy,Velasquez,customer_965@example.com,2024-11-08T00:00:00
966,Julie,Lane,customer_966@example.com,2024-02-20T00:00:00
967,Brandon,Cooper,customer_967@example.com,2024-04-16T00:00:00
968,Bryce,Mcknight,customer_968@example.com,2024-11-16T00:00:00
969,Sarah,Jones,customer_969@example.com,2024-04-18T00:00:00
970,Sarah,Johnson,customer_970@example.com,2024-05-15T00:00:00
971,Robert,Mack,customer_971@example.com,2024-12-04T00:00:00
972,Katie,Good,customer_972@example.com,2024-02-11T00:00:00
973,Debbie,Fisher,customer_973@example.com,2024-03-21T00:00:00
974,Victoria,Reyes,customer_974@example.com,2024-05-02T00:00:00
975,Molly,Knox,customer_975@example.com,2024-03-29T00:00:00
976,Nicholas,Vega,customer_976@example.com,2024-10-09T00:00:00
977,Dorothy,Ryan,customer_977@example.com,2024-02-08T00:00:00
978,Desiree,Bailey,customer_978@example.com,2024-03-21T00:00:00
979,Gregory,Medina,customer_979@example.com,2024-01-02T00:00:00
980,Allison,Luna,customer_980@example.com,2024-07-28T00:00:00
981,Jeffrey,Smith,customer_981@example.com,2024-08-18T00:00:00
982,Andrew,Evans,customer_982@example.com,2024-12-18T00:00:00
983,Emily,Stephens,customer_983@example.com,2024-10-31T00:00:00
984,Amanda,Morrow,customer_984@example.com,2024-08-28T00:00:00
985,John,Reed,customer_985@example.com,2024-05-29T00:00:00
986,Joshua,Pineda,customer_986@example.com,2024-01-17T00:00:00
987,Jessica,Rodriguez,customer_987@example.com,2024-04-28T00:00:00
988,Lisa,Barnes,customer_988@example.com,2024-05-27T00:00:00
989,Katie,Stephenson,customer_989@example.com,2024-12-27T00:00:00
990,Alexis,Harris,customer_990@example.com,2024-05-24T00:00:00
991,Craig,Johnson,customer_991@example.com,2024-12-25T00:00:00
992,Carla,Warner,customer_992@example.com,2024-08-20T00:00:00
993,Brandon,Yang,customer_993@example.com,2024-02-06T00:00:00
994,Richard,Young,customer_994@example.com,2024-12-17T00:00:00
995,Jeff,Shields,customer_995@example.com,2024-04-29T00:00:00
996,Brian,Gordon,customer_996@example.com,2024-05-15T00:00:00
997,Keith,Cabrera,customer_997@example.com,2024-11-16T00:00:00
998,Jessica,Flores,customer_998@example.com,2024-10-28T00:00:00
999,Carla,Chambers,customer_999@example.com,2024-12-04T00:00:00
1000,Malik,Turner,customer_1000@example.com,2024-04-11T00:00:00
